uid,count,prop
2-1-1.txt 181,3,0.0016901408450704226
3-2-1.txt 1138,3,0.0016901408450704226
5-3-4.txt 796,3,0.0016901408450704226
1-1-1.txt 769,2,0.0011267605633802818
1-2-1.txt 808,2,0.0011267605633802818
1-4-1.txt 185,2,0.0011267605633802818
1-4-1.txt 199,2,0.0011267605633802818
2-1-1.txt 412,2,0.0011267605633802818
3-4-1.txt 942,2,0.0011267605633802818
4-1-1.txt 483,2,0.0011267605633802818
4-3-1.txt 540,2,0.0011267605633802818
4-3-1.txt 57,2,0.0011267605633802818
5-1-1.txt 72,2,0.0011267605633802818
5-2-1.txt 256,2,0.0011267605633802818
5-3-3.txt 115,2,0.0011267605633802818
5-3-4.txt 440,2,0.0011267605633802818
5-4-1.txt 75,2,0.0011267605633802818
6-2-1.txt 133,2,0.0011267605633802818
7-1-1.txt 1025,2,0.0011267605633802818
7-2-2.txt 1122,2,0.0011267605633802818
7-5-2.txt 1251,2,0.0011267605633802818
1-1-1.txt 107,1,5.633802816901409e-4
1-1-1.txt 113,1,5.633802816901409e-4
1-1-1.txt 121,1,5.633802816901409e-4
1-1-1.txt 127,1,5.633802816901409e-4
1-1-1.txt 141,1,5.633802816901409e-4
1-1-1.txt 147,1,5.633802816901409e-4
1-1-1.txt 155,1,5.633802816901409e-4
1-1-1.txt 159,1,5.633802816901409e-4
1-1-1.txt 165,1,5.633802816901409e-4
1-1-1.txt 175,1,5.633802816901409e-4
1-1-1.txt 181,1,5.633802816901409e-4
1-1-1.txt 189,1,5.633802816901409e-4
1-1-1.txt 197,1,5.633802816901409e-4
1-1-1.txt 209,1,5.633802816901409e-4
1-1-1.txt 219,1,5.633802816901409e-4
1-1-1.txt 231,1,5.633802816901409e-4
1-1-1.txt 239,1,5.633802816901409e-4
1-1-1.txt 251,1,5.633802816901409e-4
1-1-1.txt 261,1,5.633802816901409e-4
1-1-1.txt 27,1,5.633802816901409e-4
1-1-1.txt 277,1,5.633802816901409e-4
1-1-1.txt 291,1,5.633802816901409e-4
1-1-1.txt 299,1,5.633802816901409e-4
1-1-1.txt 30,1,5.633802816901409e-4
1-1-1.txt 303,1,5.633802816901409e-4
1-1-1.txt 319,1,5.633802816901409e-4
1-1-1.txt 329,1,5.633802816901409e-4
1-1-1.txt 337,1,5.633802816901409e-4
1-1-1.txt 353,1,5.633802816901409e-4
1-1-1.txt 359,1,5.633802816901409e-4
1-1-1.txt 361,1,5.633802816901409e-4
1-1-1.txt 363,1,5.633802816901409e-4
1-1-1.txt 365,1,5.633802816901409e-4
1-1-1.txt 373,1,5.633802816901409e-4
1-1-1.txt 381,1,5.633802816901409e-4
1-1-1.txt 387,1,5.633802816901409e-4
1-1-1.txt 395,1,5.633802816901409e-4
1-1-1.txt 405,1,5.633802816901409e-4
1-1-1.txt 413,1,5.633802816901409e-4
1-1-1.txt 423,1,5.633802816901409e-4
1-1-1.txt 429,1,5.633802816901409e-4
1-1-1.txt 43,1,5.633802816901409e-4
1-1-1.txt 437,1,5.633802816901409e-4
1-1-1.txt 447,1,5.633802816901409e-4
1-1-1.txt 457,1,5.633802816901409e-4
1-1-1.txt 463,1,5.633802816901409e-4
1-1-1.txt 469,1,5.633802816901409e-4
1-1-1.txt 481,1,5.633802816901409e-4
1-1-1.txt 497,1,5.633802816901409e-4
1-1-1.txt 503,1,5.633802816901409e-4
1-1-1.txt 517,1,5.633802816901409e-4
1-1-1.txt 525,1,5.633802816901409e-4
1-1-1.txt 533,1,5.633802816901409e-4
1-1-1.txt 543,1,5.633802816901409e-4
1-1-1.txt 55,1,5.633802816901409e-4
1-1-1.txt 551,1,5.633802816901409e-4
1-1-1.txt 555,1,5.633802816901409e-4
1-1-1.txt 559,1,5.633802816901409e-4
1-1-1.txt 561,1,5.633802816901409e-4
1-1-1.txt 577,1,5.633802816901409e-4
1-1-1.txt 585,1,5.633802816901409e-4
1-1-1.txt 593,1,5.633802816901409e-4
1-1-1.txt 603,1,5.633802816901409e-4
1-1-1.txt 61,1,5.633802816901409e-4
1-1-1.txt 613,1,5.633802816901409e-4
1-1-1.txt 627,1,5.633802816901409e-4
1-1-1.txt 637,1,5.633802816901409e-4
1-1-1.txt 649,1,5.633802816901409e-4
1-1-1.txt 657,1,5.633802816901409e-4
1-1-1.txt 665,1,5.633802816901409e-4
1-1-1.txt 679,1,5.633802816901409e-4
1-1-1.txt 685,1,5.633802816901409e-4
1-1-1.txt 693,1,5.633802816901409e-4
1-1-1.txt 695,1,5.633802816901409e-4
1-1-1.txt 705,1,5.633802816901409e-4
1-1-1.txt 710,1,5.633802816901409e-4
1-1-1.txt 717,1,5.633802816901409e-4
1-1-1.txt 718,1,5.633802816901409e-4
1-1-1.txt 727,1,5.633802816901409e-4
1-1-1.txt 731,1,5.633802816901409e-4
1-1-1.txt 737,1,5.633802816901409e-4
1-1-1.txt 743,1,5.633802816901409e-4
1-1-1.txt 757,1,5.633802816901409e-4
1-1-1.txt 781,1,5.633802816901409e-4
1-1-1.txt 86,1,5.633802816901409e-4
1-2-1.txt 106,1,5.633802816901409e-4
1-2-1.txt 116,1,5.633802816901409e-4
1-2-1.txt 144,1,5.633802816901409e-4
1-2-1.txt 160,1,5.633802816901409e-4
1-2-1.txt 174,1,5.633802816901409e-4
1-2-1.txt 190,1,5.633802816901409e-4
1-2-1.txt 202,1,5.633802816901409e-4
1-2-1.txt 218,1,5.633802816901409e-4
1-2-1.txt 248,1,5.633802816901409e-4
1-2-1.txt 270,1,5.633802816901409e-4
1-2-1.txt 28,1,5.633802816901409e-4
1-2-1.txt 292,1,5.633802816901409e-4
1-2-1.txt 306,1,5.633802816901409e-4
1-2-1.txt 332,1,5.633802816901409e-4
1-2-1.txt 360,1,5.633802816901409e-4
1-2-1.txt 390,1,5.633802816901409e-4
1-2-1.txt 412,1,5.633802816901409e-4
1-2-1.txt 420,1,5.633802816901409e-4
1-2-1.txt 442,1,5.633802816901409e-4
1-2-1.txt 458,1,5.633802816901409e-4
1-2-1.txt 46,1,5.633802816901409e-4
1-2-1.txt 482,1,5.633802816901409e-4
1-2-1.txt 494,1,5.633802816901409e-4
1-2-1.txt 52,1,5.633802816901409e-4
1-2-1.txt 534,1,5.633802816901409e-4
1-2-1.txt 550,1,5.633802816901409e-4
1-2-1.txt 576,1,5.633802816901409e-4
1-2-1.txt 58,1,5.633802816901409e-4
1-2-1.txt 604,1,5.633802816901409e-4
1-2-1.txt 620,1,5.633802816901409e-4
1-2-1.txt 634,1,5.633802816901409e-4
1-2-1.txt 648,1,5.633802816901409e-4
1-2-1.txt 66,1,5.633802816901409e-4
1-2-1.txt 668,1,5.633802816901409e-4
1-2-1.txt 698,1,5.633802816901409e-4
1-2-1.txt 716,1,5.633802816901409e-4
1-2-1.txt 74,1,5.633802816901409e-4
1-2-1.txt 740,1,5.633802816901409e-4
1-2-1.txt 774,1,5.633802816901409e-4
1-2-1.txt 796,1,5.633802816901409e-4
1-2-1.txt 807,1,5.633802816901409e-4
1-2-1.txt 824,1,5.633802816901409e-4
1-2-1.txt 84,1,5.633802816901409e-4
1-2-1.txt 856,1,5.633802816901409e-4
1-2-1.txt 882,1,5.633802816901409e-4
1-2-1.txt 906,1,5.633802816901409e-4
1-2-1.txt 924,1,5.633802816901409e-4
1-2-1.txt 948,1,5.633802816901409e-4
1-3-1.txt 1033,1,5.633802816901409e-4
1-3-1.txt 105,1,5.633802816901409e-4
1-3-1.txt 1055,1,5.633802816901409e-4
1-3-1.txt 1077,1,5.633802816901409e-4
1-3-1.txt 1091,1,5.633802816901409e-4
1-3-1.txt 1111,1,5.633802816901409e-4
1-3-1.txt 1139,1,5.633802816901409e-4
1-3-1.txt 1171,1,5.633802816901409e-4
1-3-1.txt 1185,1,5.633802816901409e-4
1-3-1.txt 1199,1,5.633802816901409e-4
1-3-1.txt 1213,1,5.633802816901409e-4
1-3-1.txt 1245,1,5.633802816901409e-4
1-3-1.txt 1275,1,5.633802816901409e-4
1-3-1.txt 1299,1,5.633802816901409e-4
1-3-1.txt 1323,1,5.633802816901409e-4
1-3-1.txt 1359,1,5.633802816901409e-4
1-3-1.txt 1367,1,5.633802816901409e-4
1-3-1.txt 1397,1,5.633802816901409e-4
1-3-1.txt 1419,1,5.633802816901409e-4
1-3-1.txt 1437,1,5.633802816901409e-4
1-3-1.txt 147,1,5.633802816901409e-4
1-3-1.txt 1471,1,5.633802816901409e-4
1-3-1.txt 1519,1,5.633802816901409e-4
1-3-1.txt 1537,1,5.633802816901409e-4
1-3-1.txt 1551,1,5.633802816901409e-4
1-3-1.txt 181,1,5.633802816901409e-4
1-3-1.txt 197,1,5.633802816901409e-4
1-3-1.txt 207,1,5.633802816901409e-4
1-3-1.txt 215,1,5.633802816901409e-4
1-3-1.txt 231,1,5.633802816901409e-4
1-3-1.txt 249,1,5.633802816901409e-4
1-3-1.txt 279,1,5.633802816901409e-4
1-3-1.txt 305,1,5.633802816901409e-4
1-3-1.txt 33,1,5.633802816901409e-4
1-3-1.txt 333,1,5.633802816901409e-4
1-3-1.txt 361,1,5.633802816901409e-4
1-3-1.txt 387,1,5.633802816901409e-4
1-3-1.txt 39,1,5.633802816901409e-4
1-3-1.txt 405,1,5.633802816901409e-4
1-3-1.txt 429,1,5.633802816901409e-4
1-3-1.txt 455,1,5.633802816901409e-4
1-3-1.txt 503,1,5.633802816901409e-4
1-3-1.txt 527,1,5.633802816901409e-4
1-3-1.txt 559,1,5.633802816901409e-4
1-3-1.txt 659,1,5.633802816901409e-4
1-3-1.txt 679,1,5.633802816901409e-4
1-3-1.txt 709,1,5.633802816901409e-4
1-3-1.txt 727,1,5.633802816901409e-4
1-3-1.txt 735,1,5.633802816901409e-4
1-3-1.txt 767,1,5.633802816901409e-4
1-3-1.txt 785,1,5.633802816901409e-4
1-3-1.txt 81,1,5.633802816901409e-4
1-3-1.txt 815,1,5.633802816901409e-4
1-3-1.txt 835,1,5.633802816901409e-4
1-3-1.txt 853,1,5.633802816901409e-4
1-3-1.txt 881,1,5.633802816901409e-4
1-3-1.txt 905,1,5.633802816901409e-4
1-3-1.txt 935,1,5.633802816901409e-4
1-3-1.txt 975,1,5.633802816901409e-4
1-3-1.txt 993,1,5.633802816901409e-4
1-3-1.txt 997,1,5.633802816901409e-4
1-4-1.txt 103,1,5.633802816901409e-4
1-4-1.txt 117,1,5.633802816901409e-4
1-4-1.txt 127,1,5.633802816901409e-4
1-4-1.txt 133,1,5.633802816901409e-4
1-4-1.txt 141,1,5.633802816901409e-4
1-4-1.txt 153,1,5.633802816901409e-4
1-4-1.txt 165,1,5.633802816901409e-4
1-4-1.txt 179,1,5.633802816901409e-4
1-4-1.txt 201,1,5.633802816901409e-4
1-4-1.txt 217,1,5.633802816901409e-4
1-4-1.txt 227,1,5.633802816901409e-4
1-4-1.txt 237,1,5.633802816901409e-4
1-4-1.txt 247,1,5.633802816901409e-4
1-4-1.txt 255,1,5.633802816901409e-4
1-4-1.txt 265,1,5.633802816901409e-4
1-4-1.txt 275,1,5.633802816901409e-4
1-4-1.txt 283,1,5.633802816901409e-4
1-4-1.txt 295,1,5.633802816901409e-4
1-4-1.txt 305,1,5.633802816901409e-4
1-4-1.txt 313,1,5.633802816901409e-4
1-4-1.txt 323,1,5.633802816901409e-4
1-4-1.txt 333,1,5.633802816901409e-4
1-4-1.txt 343,1,5.633802816901409e-4
1-4-1.txt 351,1,5.633802816901409e-4
1-4-1.txt 359,1,5.633802816901409e-4
1-4-1.txt 367,1,5.633802816901409e-4
1-4-1.txt 37,1,5.633802816901409e-4
1-4-1.txt 375,1,5.633802816901409e-4
1-4-1.txt 379,1,5.633802816901409e-4
1-4-1.txt 389,1,5.633802816901409e-4
1-4-1.txt 395,1,5.633802816901409e-4
1-4-1.txt 403,1,5.633802816901409e-4
1-4-1.txt 41,1,5.633802816901409e-4
1-4-1.txt 417,1,5.633802816901409e-4
1-4-1.txt 433,1,5.633802816901409e-4
1-4-1.txt 437,1,5.633802816901409e-4
1-4-1.txt 49,1,5.633802816901409e-4
1-4-1.txt 55,1,5.633802816901409e-4
1-4-1.txt 63,1,5.633802816901409e-4
1-4-1.txt 67,1,5.633802816901409e-4
1-4-1.txt 73,1,5.633802816901409e-4
1-4-1.txt 87,1,5.633802816901409e-4
1-5-1.txt 107,1,5.633802816901409e-4
1-5-1.txt 117,1,5.633802816901409e-4
1-5-1.txt 133,1,5.633802816901409e-4
1-5-1.txt 139,1,5.633802816901409e-4
1-5-1.txt 149,1,5.633802816901409e-4
1-5-1.txt 173,1,5.633802816901409e-4
1-5-1.txt 187,1,5.633802816901409e-4
1-5-1.txt 203,1,5.633802816901409e-4
1-5-1.txt 219,1,5.633802816901409e-4
1-5-1.txt 233,1,5.633802816901409e-4
1-5-1.txt 251,1,5.633802816901409e-4
1-5-1.txt 271,1,5.633802816901409e-4
1-5-1.txt 287,1,5.633802816901409e-4
1-5-1.txt 307,1,5.633802816901409e-4
1-5-1.txt 319,1,5.633802816901409e-4
1-5-1.txt 323,1,5.633802816901409e-4
1-5-1.txt 335,1,5.633802816901409e-4
1-5-1.txt 349,1,5.633802816901409e-4
1-5-1.txt 35,1,5.633802816901409e-4
1-5-1.txt 365,1,5.633802816901409e-4
1-5-1.txt 377,1,5.633802816901409e-4
1-5-1.txt 387,1,5.633802816901409e-4
1-5-1.txt 39,1,5.633802816901409e-4
1-5-1.txt 401,1,5.633802816901409e-4
1-5-1.txt 421,1,5.633802816901409e-4
1-5-1.txt 445,1,5.633802816901409e-4
1-5-1.txt 449,1,5.633802816901409e-4
1-5-1.txt 461,1,5.633802816901409e-4
1-5-1.txt 473,1,5.633802816901409e-4
1-5-1.txt 49,1,5.633802816901409e-4
1-5-1.txt 493,1,5.633802816901409e-4
1-5-1.txt 503,1,5.633802816901409e-4
1-5-1.txt 515,1,5.633802816901409e-4
1-5-1.txt 523,1,5.633802816901409e-4
1-5-1.txt 53,1,5.633802816901409e-4
1-5-1.txt 537,1,5.633802816901409e-4
1-5-1.txt 545,1,5.633802816901409e-4
1-5-1.txt 551,1,5.633802816901409e-4
1-5-1.txt 61,1,5.633802816901409e-4
1-5-1.txt 67,1,5.633802816901409e-4
1-5-1.txt 75,1,5.633802816901409e-4
1-5-1.txt 81,1,5.633802816901409e-4
1-5-1.txt 87,1,5.633802816901409e-4
1-5-1.txt 91,1,5.633802816901409e-4
1-5-1.txt 92,1,5.633802816901409e-4
1-5-1.txt 97,1,5.633802816901409e-4
2-1-1.txt 108,1,5.633802816901409e-4
2-1-1.txt 113,1,5.633802816901409e-4
2-1-1.txt 122,1,5.633802816901409e-4
2-1-1.txt 132,1,5.633802816901409e-4
2-1-1.txt 143,1,5.633802816901409e-4
2-1-1.txt 152,1,5.633802816901409e-4
2-1-1.txt 164,1,5.633802816901409e-4
2-1-1.txt 191,1,5.633802816901409e-4
2-1-1.txt 196,1,5.633802816901409e-4
2-1-1.txt 205,1,5.633802816901409e-4
2-1-1.txt 219,1,5.633802816901409e-4
2-1-1.txt 227,1,5.633802816901409e-4
2-1-1.txt 242,1,5.633802816901409e-4
2-1-1.txt 244,1,5.633802816901409e-4
2-1-1.txt 245,1,5.633802816901409e-4
2-1-1.txt 251,1,5.633802816901409e-4
2-1-1.txt 263,1,5.633802816901409e-4
2-1-1.txt 274,1,5.633802816901409e-4
2-1-1.txt 284,1,5.633802816901409e-4
2-1-1.txt 289,1,5.633802816901409e-4
2-1-1.txt 306,1,5.633802816901409e-4
2-1-1.txt 315,1,5.633802816901409e-4
2-1-1.txt 326,1,5.633802816901409e-4
2-1-1.txt 339,1,5.633802816901409e-4
2-1-1.txt 351,1,5.633802816901409e-4
2-1-1.txt 366,1,5.633802816901409e-4
2-1-1.txt 37,1,5.633802816901409e-4
2-1-1.txt 376,1,5.633802816901409e-4
2-1-1.txt 382,1,5.633802816901409e-4
2-1-1.txt 394,1,5.633802816901409e-4
2-1-1.txt 402,1,5.633802816901409e-4
2-1-1.txt 422,1,5.633802816901409e-4
2-1-1.txt 440,1,5.633802816901409e-4
2-1-1.txt 448,1,5.633802816901409e-4
2-1-1.txt 467,1,5.633802816901409e-4
2-1-1.txt 472,1,5.633802816901409e-4
2-1-1.txt 485,1,5.633802816901409e-4
2-1-1.txt 49,1,5.633802816901409e-4
2-1-1.txt 493,1,5.633802816901409e-4
2-1-1.txt 507,1,5.633802816901409e-4
2-1-1.txt 514,1,5.633802816901409e-4
2-1-1.txt 525,1,5.633802816901409e-4
2-1-1.txt 542,1,5.633802816901409e-4
2-1-1.txt 557,1,5.633802816901409e-4
2-1-1.txt 56,1,5.633802816901409e-4
2-1-1.txt 572,1,5.633802816901409e-4
2-1-1.txt 587,1,5.633802816901409e-4
2-1-1.txt 602,1,5.633802816901409e-4
2-1-1.txt 612,1,5.633802816901409e-4
2-1-1.txt 626,1,5.633802816901409e-4
2-1-1.txt 635,1,5.633802816901409e-4
2-1-1.txt 645,1,5.633802816901409e-4
2-1-1.txt 656,1,5.633802816901409e-4
2-1-1.txt 659,1,5.633802816901409e-4
2-1-1.txt 69,1,5.633802816901409e-4
2-1-1.txt 72,1,5.633802816901409e-4
2-1-1.txt 79,1,5.633802816901409e-4
2-1-1.txt 86,1,5.633802816901409e-4
2-1-1.txt 90,1,5.633802816901409e-4
2-1-1.txt 99,1,5.633802816901409e-4
2-2-1.txt 100,1,5.633802816901409e-4
2-2-1.txt 115,1,5.633802816901409e-4
2-2-1.txt 119,1,5.633802816901409e-4
2-2-1.txt 133,1,5.633802816901409e-4
2-2-1.txt 147,1,5.633802816901409e-4
2-2-1.txt 181,1,5.633802816901409e-4
2-2-1.txt 205,1,5.633802816901409e-4
2-2-1.txt 207,1,5.633802816901409e-4
2-2-1.txt 209,1,5.633802816901409e-4
2-2-1.txt 65,1,5.633802816901409e-4
2-2-1.txt 89,1,5.633802816901409e-4
3-1-1.txt 115,1,5.633802816901409e-4
3-1-1.txt 129,1,5.633802816901409e-4
3-1-1.txt 149,1,5.633802816901409e-4
3-1-1.txt 169,1,5.633802816901409e-4
3-1-1.txt 177,1,5.633802816901409e-4
3-1-1.txt 181,1,5.633802816901409e-4
3-1-1.txt 193,1,5.633802816901409e-4
3-1-1.txt 205,1,5.633802816901409e-4
3-1-1.txt 213,1,5.633802816901409e-4
3-1-1.txt 221,1,5.633802816901409e-4
3-1-1.txt 227,1,5.633802816901409e-4
3-1-1.txt 241,1,5.633802816901409e-4
3-1-1.txt 247,1,5.633802816901409e-4
3-1-1.txt 255,1,5.633802816901409e-4
3-1-1.txt 275,1,5.633802816901409e-4
3-1-1.txt 285,1,5.633802816901409e-4
3-1-1.txt 295,1,5.633802816901409e-4
3-1-1.txt 307,1,5.633802816901409e-4
3-1-1.txt 315,1,5.633802816901409e-4
3-1-1.txt 321,1,5.633802816901409e-4
3-1-1.txt 331,1,5.633802816901409e-4
3-1-1.txt 341,1,5.633802816901409e-4
3-1-1.txt 357,1,5.633802816901409e-4
3-1-1.txt 367,1,5.633802816901409e-4
3-1-1.txt 375,1,5.633802816901409e-4
3-1-1.txt 379,1,5.633802816901409e-4
3-1-1.txt 393,1,5.633802816901409e-4
3-1-1.txt 40,1,5.633802816901409e-4
3-1-1.txt 407,1,5.633802816901409e-4
3-1-1.txt 415,1,5.633802816901409e-4
3-1-1.txt 423,1,5.633802816901409e-4
3-1-1.txt 426,1,5.633802816901409e-4
3-1-1.txt 429,1,5.633802816901409e-4
3-1-1.txt 43,1,5.633802816901409e-4
3-1-1.txt 433,1,5.633802816901409e-4
3-1-1.txt 435,1,5.633802816901409e-4
3-1-1.txt 61,1,5.633802816901409e-4
3-1-1.txt 69,1,5.633802816901409e-4
3-1-1.txt 75,1,5.633802816901409e-4
3-1-1.txt 81,1,5.633802816901409e-4
3-1-1.txt 89,1,5.633802816901409e-4
3-2-1.txt 1015,1,5.633802816901409e-4
3-2-1.txt 1049,1,5.633802816901409e-4
3-2-1.txt 1075,1,5.633802816901409e-4
3-2-1.txt 1095,1,5.633802816901409e-4
3-2-1.txt 1120,1,5.633802816901409e-4
3-2-1.txt 1128,1,5.633802816901409e-4
3-2-1.txt 1135,1,5.633802816901409e-4
3-2-1.txt 1137,1,5.633802816901409e-4
3-2-1.txt 145,1,5.633802816901409e-4
3-2-1.txt 185,1,5.633802816901409e-4
3-2-1.txt 205,1,5.633802816901409e-4
3-2-1.txt 243,1,5.633802816901409e-4
3-2-1.txt 260,1,5.633802816901409e-4
3-2-1.txt 307,1,5.633802816901409e-4
3-2-1.txt 331,1,5.633802816901409e-4
3-2-1.txt 353,1,5.633802816901409e-4
3-2-1.txt 418,1,5.633802816901409e-4
3-2-1.txt 444,1,5.633802816901409e-4
3-2-1.txt 498,1,5.633802816901409e-4
3-2-1.txt 52,1,5.633802816901409e-4
3-2-1.txt 549,1,5.633802816901409e-4
3-2-1.txt 628,1,5.633802816901409e-4
3-2-1.txt 646,1,5.633802816901409e-4
3-2-1.txt 66,1,5.633802816901409e-4
3-2-1.txt 682,1,5.633802816901409e-4
3-2-1.txt 736,1,5.633802816901409e-4
3-2-1.txt 747,1,5.633802816901409e-4
3-2-1.txt 76,1,5.633802816901409e-4
3-2-1.txt 784,1,5.633802816901409e-4
3-2-1.txt 81,1,5.633802816901409e-4
3-2-1.txt 811,1,5.633802816901409e-4
3-2-1.txt 821,1,5.633802816901409e-4
3-2-1.txt 840,1,5.633802816901409e-4
3-2-1.txt 855,1,5.633802816901409e-4
3-2-1.txt 881,1,5.633802816901409e-4
3-2-1.txt 909,1,5.633802816901409e-4
3-2-1.txt 929,1,5.633802816901409e-4
3-2-1.txt 953,1,5.633802816901409e-4
3-2-1.txt 976,1,5.633802816901409e-4
3-2-1.txt 992,1,5.633802816901409e-4
3-3-1.txt 1042,1,5.633802816901409e-4
3-3-1.txt 1049,1,5.633802816901409e-4
3-3-1.txt 105,1,5.633802816901409e-4
3-3-1.txt 1077,1,5.633802816901409e-4
3-3-1.txt 1092,1,5.633802816901409e-4
3-3-1.txt 1133,1,5.633802816901409e-4
3-3-1.txt 1155,1,5.633802816901409e-4
3-3-1.txt 1180,1,5.633802816901409e-4
3-3-1.txt 1191,1,5.633802816901409e-4
3-3-1.txt 1215,1,5.633802816901409e-4
3-3-1.txt 1218,1,5.633802816901409e-4
3-3-1.txt 1219,1,5.633802816901409e-4
3-3-1.txt 126,1,5.633802816901409e-4
3-3-1.txt 159,1,5.633802816901409e-4
3-3-1.txt 190,1,5.633802816901409e-4
3-3-1.txt 229,1,5.633802816901409e-4
3-3-1.txt 245,1,5.633802816901409e-4
3-3-1.txt 263,1,5.633802816901409e-4
3-3-1.txt 281,1,5.633802816901409e-4
3-3-1.txt 329,1,5.633802816901409e-4
3-3-1.txt 347,1,5.633802816901409e-4
3-3-1.txt 383,1,5.633802816901409e-4
3-3-1.txt 406,1,5.633802816901409e-4
3-3-1.txt 44,1,5.633802816901409e-4
3-3-1.txt 471,1,5.633802816901409e-4
3-3-1.txt 502,1,5.633802816901409e-4
3-3-1.txt 545,1,5.633802816901409e-4
3-3-1.txt 573,1,5.633802816901409e-4
3-3-1.txt 602,1,5.633802816901409e-4
3-3-1.txt 642,1,5.633802816901409e-4
3-3-1.txt 666,1,5.633802816901409e-4
3-3-1.txt 693,1,5.633802816901409e-4
3-3-1.txt 726,1,5.633802816901409e-4
3-3-1.txt 745,1,5.633802816901409e-4
3-3-1.txt 765,1,5.633802816901409e-4
3-3-1.txt 789,1,5.633802816901409e-4
3-3-1.txt 809,1,5.633802816901409e-4
3-3-1.txt 832,1,5.633802816901409e-4
3-3-1.txt 860,1,5.633802816901409e-4
3-3-1.txt 882,1,5.633802816901409e-4
3-3-1.txt 90,1,5.633802816901409e-4
3-3-1.txt 908,1,5.633802816901409e-4
3-3-1.txt 94,1,5.633802816901409e-4
3-3-1.txt 945,1,5.633802816901409e-4
3-3-1.txt 967,1,5.633802816901409e-4
3-3-1.txt 996,1,5.633802816901409e-4
3-4-1.txt 1004,1,5.633802816901409e-4
3-4-1.txt 1045,1,5.633802816901409e-4
3-4-1.txt 107,1,5.633802816901409e-4
3-4-1.txt 1077,1,5.633802816901409e-4
3-4-1.txt 1093,1,5.633802816901409e-4
3-4-1.txt 110,1,5.633802816901409e-4
3-4-1.txt 1119,1,5.633802816901409e-4
3-4-1.txt 1133,1,5.633802816901409e-4
3-4-1.txt 1152,1,5.633802816901409e-4
3-4-1.txt 1185,1,5.633802816901409e-4
3-4-1.txt 1226,1,5.633802816901409e-4
3-4-1.txt 1260,1,5.633802816901409e-4
3-4-1.txt 1290,1,5.633802816901409e-4
3-4-1.txt 1311,1,5.633802816901409e-4
3-4-1.txt 1334,1,5.633802816901409e-4
3-4-1.txt 1344,1,5.633802816901409e-4
3-4-1.txt 1384,1,5.633802816901409e-4
3-4-1.txt 1428,1,5.633802816901409e-4
3-4-1.txt 145,1,5.633802816901409e-4
3-4-1.txt 1464,1,5.633802816901409e-4
3-4-1.txt 1506,1,5.633802816901409e-4
3-4-1.txt 1550,1,5.633802816901409e-4
3-4-1.txt 1577,1,5.633802816901409e-4
3-4-1.txt 1609,1,5.633802816901409e-4
3-4-1.txt 161,1,5.633802816901409e-4
3-4-1.txt 1638,1,5.633802816901409e-4
3-4-1.txt 1663,1,5.633802816901409e-4
3-4-1.txt 1695,1,5.633802816901409e-4
3-4-1.txt 1732,1,5.633802816901409e-4
3-4-1.txt 1777,1,5.633802816901409e-4
3-4-1.txt 1823,1,5.633802816901409e-4
3-4-1.txt 1877,1,5.633802816901409e-4
3-4-1.txt 189,1,5.633802816901409e-4
3-4-1.txt 1904,1,5.633802816901409e-4
3-4-1.txt 1937,1,5.633802816901409e-4
3-4-1.txt 1960,1,5.633802816901409e-4
3-4-1.txt 1961,1,5.633802816901409e-4
3-4-1.txt 252,1,5.633802816901409e-4
3-4-1.txt 270,1,5.633802816901409e-4
3-4-1.txt 315,1,5.633802816901409e-4
3-4-1.txt 336,1,5.633802816901409e-4
3-4-1.txt 378,1,5.633802816901409e-4
3-4-1.txt 405,1,5.633802816901409e-4
3-4-1.txt 434,1,5.633802816901409e-4
3-4-1.txt 464,1,5.633802816901409e-4
3-4-1.txt 503,1,5.633802816901409e-4
3-4-1.txt 556,1,5.633802816901409e-4
3-4-1.txt 592,1,5.633802816901409e-4
3-4-1.txt 622,1,5.633802816901409e-4
3-4-1.txt 652,1,5.633802816901409e-4
3-4-1.txt 686,1,5.633802816901409e-4
3-4-1.txt 69,1,5.633802816901409e-4
3-4-1.txt 708,1,5.633802816901409e-4
3-4-1.txt 72,1,5.633802816901409e-4
3-4-1.txt 750,1,5.633802816901409e-4
3-4-1.txt 780,1,5.633802816901409e-4
3-4-1.txt 851,1,5.633802816901409e-4
3-4-1.txt 879,1,5.633802816901409e-4
3-4-1.txt 909,1,5.633802816901409e-4
3-4-1.txt 92,1,5.633802816901409e-4
3-4-1.txt 971,1,5.633802816901409e-4
3-5-1.txt 1024,1,5.633802816901409e-4
3-5-1.txt 1105,1,5.633802816901409e-4
3-5-1.txt 111,1,5.633802816901409e-4
3-5-1.txt 1153,1,5.633802816901409e-4
3-5-1.txt 1196,1,5.633802816901409e-4
3-5-1.txt 1237,1,5.633802816901409e-4
3-5-1.txt 1251,1,5.633802816901409e-4
3-5-1.txt 1301,1,5.633802816901409e-4
3-5-1.txt 1344,1,5.633802816901409e-4
3-5-1.txt 1392,1,5.633802816901409e-4
3-5-1.txt 179,1,5.633802816901409e-4
3-5-1.txt 233,1,5.633802816901409e-4
3-5-1.txt 286,1,5.633802816901409e-4
3-5-1.txt 38,1,5.633802816901409e-4
3-5-1.txt 381,1,5.633802816901409e-4
3-5-1.txt 401,1,5.633802816901409e-4
3-5-1.txt 419,1,5.633802816901409e-4
3-5-1.txt 42,1,5.633802816901409e-4
3-5-1.txt 43,1,5.633802816901409e-4
3-5-1.txt 440,1,5.633802816901409e-4
3-5-1.txt 45,1,5.633802816901409e-4
3-5-1.txt 460,1,5.633802816901409e-4
3-5-1.txt 49,1,5.633802816901409e-4
3-5-1.txt 517,1,5.633802816901409e-4
3-5-1.txt 559,1,5.633802816901409e-4
3-5-1.txt 600,1,5.633802816901409e-4
3-5-1.txt 626,1,5.633802816901409e-4
3-5-1.txt 696,1,5.633802816901409e-4
3-5-1.txt 741,1,5.633802816901409e-4
3-5-1.txt 773,1,5.633802816901409e-4
3-5-1.txt 834,1,5.633802816901409e-4
3-5-1.txt 896,1,5.633802816901409e-4
3-5-1.txt 979,1,5.633802816901409e-4
4-1-1.txt 1034,1,5.633802816901409e-4
4-1-1.txt 115,1,5.633802816901409e-4
4-1-1.txt 13,1,5.633802816901409e-4
4-1-1.txt 134,1,5.633802816901409e-4
4-1-1.txt 146,1,5.633802816901409e-4
4-1-1.txt 164,1,5.633802816901409e-4
4-1-1.txt 197,1,5.633802816901409e-4
4-1-1.txt 229,1,5.633802816901409e-4
4-1-1.txt 259,1,5.633802816901409e-4
4-1-1.txt 301,1,5.633802816901409e-4
4-1-1.txt 34,1,5.633802816901409e-4
4-1-1.txt 346,1,5.633802816901409e-4
4-1-1.txt 417,1,5.633802816901409e-4
4-1-1.txt 496,1,5.633802816901409e-4
4-1-1.txt 514,1,5.633802816901409e-4
4-1-1.txt 55,1,5.633802816901409e-4
4-1-1.txt 554,1,5.633802816901409e-4
4-1-1.txt 570,1,5.633802816901409e-4
4-1-1.txt 618,1,5.633802816901409e-4
4-1-1.txt 657,1,5.633802816901409e-4
4-1-1.txt 66,1,5.633802816901409e-4
4-1-1.txt 696,1,5.633802816901409e-4
4-1-1.txt 73,1,5.633802816901409e-4
4-1-1.txt 746,1,5.633802816901409e-4
4-1-1.txt 78,1,5.633802816901409e-4
4-1-1.txt 79,1,5.633802816901409e-4
4-1-1.txt 790,1,5.633802816901409e-4
4-1-1.txt 832,1,5.633802816901409e-4
4-1-1.txt 866,1,5.633802816901409e-4
4-1-1.txt 912,1,5.633802816901409e-4
4-1-1.txt 96,1,5.633802816901409e-4
4-1-1.txt 994,1,5.633802816901409e-4
4-1-2.txt 138,1,5.633802816901409e-4
4-1-2.txt 158,1,5.633802816901409e-4
4-1-2.txt 174,1,5.633802816901409e-4
4-1-2.txt 212,1,5.633802816901409e-4
4-1-2.txt 257,1,5.633802816901409e-4
4-1-2.txt 298,1,5.633802816901409e-4
4-1-2.txt 337,1,5.633802816901409e-4
4-1-2.txt 378,1,5.633802816901409e-4
4-1-2.txt 4,1,5.633802816901409e-4
4-1-2.txt 426,1,5.633802816901409e-4
4-1-2.txt 458,1,5.633802816901409e-4
4-1-2.txt 475,1,5.633802816901409e-4
4-1-2.txt 48,1,5.633802816901409e-4
4-1-2.txt 510,1,5.633802816901409e-4
4-1-2.txt 552,1,5.633802816901409e-4
4-1-2.txt 593,1,5.633802816901409e-4
4-1-2.txt 621,1,5.633802816901409e-4
4-1-2.txt 654,1,5.633802816901409e-4
4-1-2.txt 679,1,5.633802816901409e-4
4-1-2.txt 709,1,5.633802816901409e-4
4-1-2.txt 730,1,5.633802816901409e-4
4-1-2.txt 765,1,5.633802816901409e-4
4-1-2.txt 790,1,5.633802816901409e-4
4-1-2.txt 810,1,5.633802816901409e-4
4-1-2.txt 868,1,5.633802816901409e-4
4-1-2.txt 907,1,5.633802816901409e-4
4-1-2.txt 936,1,5.633802816901409e-4
4-1-2.txt 969,1,5.633802816901409e-4
4-2-1.txt 10,1,5.633802816901409e-4
4-2-1.txt 1011,1,5.633802816901409e-4
4-2-1.txt 1047,1,5.633802816901409e-4
4-2-1.txt 120,1,5.633802816901409e-4
4-2-1.txt 13,1,5.633802816901409e-4
4-2-1.txt 160,1,5.633802816901409e-4
4-2-1.txt 189,1,5.633802816901409e-4
4-2-1.txt 205,1,5.633802816901409e-4
4-2-1.txt 241,1,5.633802816901409e-4
4-2-1.txt 277,1,5.633802816901409e-4
4-2-1.txt 314,1,5.633802816901409e-4
4-2-1.txt 358,1,5.633802816901409e-4
4-2-1.txt 388,1,5.633802816901409e-4
4-2-1.txt 423,1,5.633802816901409e-4
4-2-1.txt 460,1,5.633802816901409e-4
4-2-1.txt 492,1,5.633802816901409e-4
4-2-1.txt 518,1,5.633802816901409e-4
4-2-1.txt 52,1,5.633802816901409e-4
4-2-1.txt 577,1,5.633802816901409e-4
4-2-1.txt 603,1,5.633802816901409e-4
4-2-1.txt 617,1,5.633802816901409e-4
4-2-1.txt 65,1,5.633802816901409e-4
4-2-1.txt 658,1,5.633802816901409e-4
4-2-1.txt 666,1,5.633802816901409e-4
4-2-1.txt 700,1,5.633802816901409e-4
4-2-1.txt 753,1,5.633802816901409e-4
4-2-1.txt 790,1,5.633802816901409e-4
4-2-1.txt 831,1,5.633802816901409e-4
4-2-1.txt 85,1,5.633802816901409e-4
4-2-1.txt 879,1,5.633802816901409e-4
4-2-1.txt 913,1,5.633802816901409e-4
4-2-1.txt 944,1,5.633802816901409e-4
4-2-1.txt 986,1,5.633802816901409e-4
4-2-2.txt 132,1,5.633802816901409e-4
4-2-2.txt 167,1,5.633802816901409e-4
4-2-2.txt 231,1,5.633802816901409e-4
4-2-2.txt 264,1,5.633802816901409e-4
4-2-2.txt 275,1,5.633802816901409e-4
4-2-2.txt 354,1,5.633802816901409e-4
4-2-2.txt 4,1,5.633802816901409e-4
4-2-2.txt 416,1,5.633802816901409e-4
4-2-2.txt 468,1,5.633802816901409e-4
4-2-2.txt 532,1,5.633802816901409e-4
4-2-2.txt 56,1,5.633802816901409e-4
4-2-2.txt 564,1,5.633802816901409e-4
4-2-2.txt 588,1,5.633802816901409e-4
4-2-2.txt 628,1,5.633802816901409e-4
4-2-2.txt 677,1,5.633802816901409e-4
4-2-2.txt 720,1,5.633802816901409e-4
4-2-2.txt 756,1,5.633802816901409e-4
4-2-2.txt 791,1,5.633802816901409e-4
4-2-2.txt 820,1,5.633802816901409e-4
4-2-2.txt 861,1,5.633802816901409e-4
4-2-2.txt 886,1,5.633802816901409e-4
4-2-2.txt 920,1,5.633802816901409e-4
4-3-1.txt 10,1,5.633802816901409e-4
4-3-1.txt 114,1,5.633802816901409e-4
4-3-1.txt 135,1,5.633802816901409e-4
4-3-1.txt 161,1,5.633802816901409e-4
4-3-1.txt 185,1,5.633802816901409e-4
4-3-1.txt 211,1,5.633802816901409e-4
4-3-1.txt 232,1,5.633802816901409e-4
4-3-1.txt 240,1,5.633802816901409e-4
4-3-1.txt 273,1,5.633802816901409e-4
4-3-1.txt 288,1,5.633802816901409e-4
4-3-1.txt 321,1,5.633802816901409e-4
4-3-1.txt 361,1,5.633802816901409e-4
4-3-1.txt 391,1,5.633802816901409e-4
4-3-1.txt 425,1,5.633802816901409e-4
4-3-1.txt 453,1,5.633802816901409e-4
4-3-1.txt 502,1,5.633802816901409e-4
4-3-1.txt 56,1,5.633802816901409e-4
4-3-1.txt 573,1,5.633802816901409e-4
4-3-1.txt 606,1,5.633802816901409e-4
4-3-1.txt 668,1,5.633802816901409e-4
4-3-1.txt 716,1,5.633802816901409e-4
4-3-1.txt 772,1,5.633802816901409e-4
4-3-1.txt 773,1,5.633802816901409e-4
4-3-1.txt 796,1,5.633802816901409e-4
4-3-1.txt 8,1,5.633802816901409e-4
4-3-1.txt 87,1,5.633802816901409e-4
4-3-2.txt 100,1,5.633802816901409e-4
4-3-2.txt 11,1,5.633802816901409e-4
4-3-2.txt 122,1,5.633802816901409e-4
4-3-2.txt 138,1,5.633802816901409e-4
4-3-2.txt 149,1,5.633802816901409e-4
4-3-2.txt 175,1,5.633802816901409e-4
4-3-2.txt 184,1,5.633802816901409e-4
4-3-2.txt 206,1,5.633802816901409e-4
4-3-2.txt 230,1,5.633802816901409e-4
4-3-2.txt 276,1,5.633802816901409e-4
4-3-2.txt 296,1,5.633802816901409e-4
4-3-2.txt 3,1,5.633802816901409e-4
4-3-2.txt 322,1,5.633802816901409e-4
4-3-2.txt 340,1,5.633802816901409e-4
4-3-2.txt 360,1,5.633802816901409e-4
4-3-2.txt 381,1,5.633802816901409e-4
4-3-2.txt 401,1,5.633802816901409e-4
4-3-2.txt 42,1,5.633802816901409e-4
4-3-2.txt 422,1,5.633802816901409e-4
4-3-2.txt 465,1,5.633802816901409e-4
4-3-2.txt 49,1,5.633802816901409e-4
4-3-2.txt 491,1,5.633802816901409e-4
4-3-2.txt 518,1,5.633802816901409e-4
4-3-2.txt 569,1,5.633802816901409e-4
4-3-2.txt 589,1,5.633802816901409e-4
4-3-2.txt 612,1,5.633802816901409e-4
4-3-2.txt 630,1,5.633802816901409e-4
4-3-2.txt 651,1,5.633802816901409e-4
4-3-2.txt 653,1,5.633802816901409e-4
4-3-2.txt 72,1,5.633802816901409e-4
4-3-2.txt 92,1,5.633802816901409e-4
4-4-1.txt 1037,1,5.633802816901409e-4
4-4-1.txt 1075,1,5.633802816901409e-4
4-4-1.txt 11,1,5.633802816901409e-4
4-4-1.txt 1110,1,5.633802816901409e-4
4-4-1.txt 1130,1,5.633802816901409e-4
4-4-1.txt 1152,1,5.633802816901409e-4
4-4-1.txt 1163,1,5.633802816901409e-4
4-4-1.txt 1210,1,5.633802816901409e-4
4-4-1.txt 1238,1,5.633802816901409e-4
4-4-1.txt 1261,1,5.633802816901409e-4
4-4-1.txt 1284,1,5.633802816901409e-4
4-4-1.txt 1310,1,5.633802816901409e-4
4-4-1.txt 1322,1,5.633802816901409e-4
4-4-1.txt 1338,1,5.633802816901409e-4
4-4-1.txt 1350,1,5.633802816901409e-4
4-4-1.txt 1363,1,5.633802816901409e-4
4-4-1.txt 137,1,5.633802816901409e-4
4-4-1.txt 1411,1,5.633802816901409e-4
4-4-1.txt 1427,1,5.633802816901409e-4
4-4-1.txt 1453,1,5.633802816901409e-4
4-4-1.txt 1481,1,5.633802816901409e-4
4-4-1.txt 1529,1,5.633802816901409e-4
4-4-1.txt 1558,1,5.633802816901409e-4
4-4-1.txt 1580,1,5.633802816901409e-4
4-4-1.txt 170,1,5.633802816901409e-4
4-4-1.txt 180,1,5.633802816901409e-4
4-4-1.txt 200,1,5.633802816901409e-4
4-4-1.txt 228,1,5.633802816901409e-4
4-4-1.txt 237,1,5.633802816901409e-4
4-4-1.txt 26,1,5.633802816901409e-4
4-4-1.txt 262,1,5.633802816901409e-4
4-4-1.txt 277,1,5.633802816901409e-4
4-4-1.txt 28,1,5.633802816901409e-4
4-4-1.txt 296,1,5.633802816901409e-4
4-4-1.txt 319,1,5.633802816901409e-4
4-4-1.txt 336,1,5.633802816901409e-4
4-4-1.txt 375,1,5.633802816901409e-4
4-4-1.txt 384,1,5.633802816901409e-4
4-4-1.txt 424,1,5.633802816901409e-4
4-4-1.txt 43,1,5.633802816901409e-4
4-4-1.txt 436,1,5.633802816901409e-4
4-4-1.txt 452,1,5.633802816901409e-4
4-4-1.txt 485,1,5.633802816901409e-4
4-4-1.txt 49,1,5.633802816901409e-4
4-4-1.txt 501,1,5.633802816901409e-4
4-4-1.txt 53,1,5.633802816901409e-4
4-4-1.txt 539,1,5.633802816901409e-4
4-4-1.txt 55,1,5.633802816901409e-4
4-4-1.txt 557,1,5.633802816901409e-4
4-4-1.txt 614,1,5.633802816901409e-4
4-4-1.txt 65,1,5.633802816901409e-4
4-4-1.txt 667,1,5.633802816901409e-4
4-4-1.txt 698,1,5.633802816901409e-4
4-4-1.txt 729,1,5.633802816901409e-4
4-4-1.txt 77,1,5.633802816901409e-4
4-4-1.txt 770,1,5.633802816901409e-4
4-4-1.txt 794,1,5.633802816901409e-4
4-4-1.txt 818,1,5.633802816901409e-4
4-4-1.txt 859,1,5.633802816901409e-4
4-4-1.txt 86,1,5.633802816901409e-4
4-4-1.txt 883,1,5.633802816901409e-4
4-4-1.txt 9,1,5.633802816901409e-4
4-4-1.txt 935,1,5.633802816901409e-4
4-4-1.txt 958,1,5.633802816901409e-4
4-4-1.txt 996,1,5.633802816901409e-4
5-1-1.txt 10,1,5.633802816901409e-4
5-1-1.txt 104,1,5.633802816901409e-4
5-1-1.txt 112,1,5.633802816901409e-4
5-1-1.txt 122,1,5.633802816901409e-4
5-1-1.txt 135,1,5.633802816901409e-4
5-1-1.txt 144,1,5.633802816901409e-4
5-1-1.txt 156,1,5.633802816901409e-4
5-1-1.txt 167,1,5.633802816901409e-4
5-1-1.txt 191,1,5.633802816901409e-4
5-1-1.txt 210,1,5.633802816901409e-4
5-1-1.txt 226,1,5.633802816901409e-4
5-1-1.txt 239,1,5.633802816901409e-4
5-1-1.txt 260,1,5.633802816901409e-4
5-1-1.txt 287,1,5.633802816901409e-4
5-1-1.txt 294,1,5.633802816901409e-4
5-1-1.txt 304,1,5.633802816901409e-4
5-1-1.txt 321,1,5.633802816901409e-4
5-1-1.txt 337,1,5.633802816901409e-4
5-1-1.txt 35,1,5.633802816901409e-4
5-1-1.txt 373,1,5.633802816901409e-4
5-1-1.txt 38,1,5.633802816901409e-4
5-1-1.txt 389,1,5.633802816901409e-4
5-1-1.txt 41,1,5.633802816901409e-4
5-1-1.txt 418,1,5.633802816901409e-4
5-1-1.txt 42,1,5.633802816901409e-4
5-1-1.txt 437,1,5.633802816901409e-4
5-1-1.txt 46,1,5.633802816901409e-4
5-1-1.txt 466,1,5.633802816901409e-4
5-1-1.txt 503,1,5.633802816901409e-4
5-1-1.txt 532,1,5.633802816901409e-4
5-1-1.txt 553,1,5.633802816901409e-4
5-1-1.txt 578,1,5.633802816901409e-4
5-1-1.txt 58,1,5.633802816901409e-4
5-1-1.txt 599,1,5.633802816901409e-4
5-1-1.txt 62,1,5.633802816901409e-4
5-1-1.txt 636,1,5.633802816901409e-4
5-1-1.txt 666,1,5.633802816901409e-4
5-1-1.txt 698,1,5.633802816901409e-4
5-1-1.txt 715,1,5.633802816901409e-4
5-1-1.txt 83,1,5.633802816901409e-4
5-1-1.txt 87,1,5.633802816901409e-4
5-1-1.txt 90,1,5.633802816901409e-4
5-1-1.txt 94,1,5.633802816901409e-4
5-1-2.txt 122,1,5.633802816901409e-4
5-1-2.txt 177,1,5.633802816901409e-4
5-1-2.txt 182,1,5.633802816901409e-4
5-1-2.txt 219,1,5.633802816901409e-4
5-1-2.txt 261,1,5.633802816901409e-4
5-1-2.txt 286,1,5.633802816901409e-4
5-1-2.txt 29,1,5.633802816901409e-4
5-1-2.txt 3,1,5.633802816901409e-4
5-1-2.txt 319,1,5.633802816901409e-4
5-1-2.txt 346,1,5.633802816901409e-4
5-1-2.txt 376,1,5.633802816901409e-4
5-1-2.txt 396,1,5.633802816901409e-4
5-1-2.txt 431,1,5.633802816901409e-4
5-1-2.txt 45,1,5.633802816901409e-4
5-1-2.txt 461,1,5.633802816901409e-4
5-1-2.txt 488,1,5.633802816901409e-4
5-1-2.txt 513,1,5.633802816901409e-4
5-1-2.txt 53,1,5.633802816901409e-4
5-1-2.txt 543,1,5.633802816901409e-4
5-1-2.txt 572,1,5.633802816901409e-4
5-1-2.txt 593,1,5.633802816901409e-4
5-1-2.txt 625,1,5.633802816901409e-4
5-1-2.txt 654,1,5.633802816901409e-4
5-2-1.txt 104,1,5.633802816901409e-4
5-2-1.txt 137,1,5.633802816901409e-4
5-2-1.txt 146,1,5.633802816901409e-4
5-2-1.txt 168,1,5.633802816901409e-4
5-2-1.txt 204,1,5.633802816901409e-4
5-2-1.txt 236,1,5.633802816901409e-4
5-2-1.txt 266,1,5.633802816901409e-4
5-2-1.txt 310,1,5.633802816901409e-4
5-2-1.txt 33,1,5.633802816901409e-4
5-2-1.txt 34,1,5.633802816901409e-4
5-2-1.txt 341,1,5.633802816901409e-4
5-2-1.txt 35,1,5.633802816901409e-4
5-2-1.txt 382,1,5.633802816901409e-4
5-2-1.txt 46,1,5.633802816901409e-4
5-2-1.txt 463,1,5.633802816901409e-4
5-2-1.txt 474,1,5.633802816901409e-4
5-2-1.txt 49,1,5.633802816901409e-4
5-2-1.txt 510,1,5.633802816901409e-4
5-2-1.txt 520,1,5.633802816901409e-4
5-2-1.txt 530,1,5.633802816901409e-4
5-2-1.txt 548,1,5.633802816901409e-4
5-2-1.txt 575,1,5.633802816901409e-4
5-2-1.txt 604,1,5.633802816901409e-4
5-2-1.txt 63,1,5.633802816901409e-4
5-2-1.txt 630,1,5.633802816901409e-4
5-2-1.txt 660,1,5.633802816901409e-4
5-2-1.txt 677,1,5.633802816901409e-4
5-2-1.txt 7,1,5.633802816901409e-4
5-2-1.txt 73,1,5.633802816901409e-4
5-2-1.txt 741,1,5.633802816901409e-4
5-2-1.txt 769,1,5.633802816901409e-4
5-2-1.txt 77,1,5.633802816901409e-4
5-2-1.txt 85,1,5.633802816901409e-4
5-2-1.txt 9,1,5.633802816901409e-4
5-2-1.txt 95,1,5.633802816901409e-4
5-2-2.txt 138,1,5.633802816901409e-4
5-2-2.txt 170,1,5.633802816901409e-4
5-2-2.txt 192,1,5.633802816901409e-4
5-2-2.txt 228,1,5.633802816901409e-4
5-2-2.txt 240,1,5.633802816901409e-4
5-2-2.txt 26,1,5.633802816901409e-4
5-2-2.txt 3,1,5.633802816901409e-4
5-2-2.txt 306,1,5.633802816901409e-4
5-2-2.txt 332,1,5.633802816901409e-4
5-2-2.txt 373,1,5.633802816901409e-4
5-2-2.txt 407,1,5.633802816901409e-4
5-2-2.txt 446,1,5.633802816901409e-4
5-2-2.txt 476,1,5.633802816901409e-4
5-2-2.txt 497,1,5.633802816901409e-4
5-2-2.txt 527,1,5.633802816901409e-4
5-2-2.txt 565,1,5.633802816901409e-4
5-2-2.txt 628,1,5.633802816901409e-4
5-2-2.txt 649,1,5.633802816901409e-4
5-2-2.txt 682,1,5.633802816901409e-4
5-2-2.txt 749,1,5.633802816901409e-4
5-2-2.txt 788,1,5.633802816901409e-4
5-2-2.txt 814,1,5.633802816901409e-4
5-2-2.txt 841,1,5.633802816901409e-4
5-2-2.txt 858,1,5.633802816901409e-4
5-3-1.txt 10,1,5.633802816901409e-4
5-3-1.txt 11,1,5.633802816901409e-4
5-3-1.txt 110,1,5.633802816901409e-4
5-3-1.txt 122,1,5.633802816901409e-4
5-3-1.txt 134,1,5.633802816901409e-4
5-3-1.txt 156,1,5.633802816901409e-4
5-3-1.txt 179,1,5.633802816901409e-4
5-3-1.txt 197,1,5.633802816901409e-4
5-3-1.txt 219,1,5.633802816901409e-4
5-3-1.txt 243,1,5.633802816901409e-4
5-3-1.txt 255,1,5.633802816901409e-4
5-3-1.txt 278,1,5.633802816901409e-4
5-3-1.txt 298,1,5.633802816901409e-4
5-3-1.txt 322,1,5.633802816901409e-4
5-3-1.txt 358,1,5.633802816901409e-4
5-3-1.txt 371,1,5.633802816901409e-4
5-3-1.txt 39,1,5.633802816901409e-4
5-3-1.txt 403,1,5.633802816901409e-4
5-3-1.txt 42,1,5.633802816901409e-4
5-3-1.txt 435,1,5.633802816901409e-4
5-3-1.txt 457,1,5.633802816901409e-4
5-3-1.txt 487,1,5.633802816901409e-4
5-3-1.txt 49,1,5.633802816901409e-4
5-3-1.txt 514,1,5.633802816901409e-4
5-3-1.txt 543,1,5.633802816901409e-4
5-3-1.txt 55,1,5.633802816901409e-4
5-3-1.txt 575,1,5.633802816901409e-4
5-3-1.txt 602,1,5.633802816901409e-4
5-3-1.txt 614,1,5.633802816901409e-4
5-3-1.txt 65,1,5.633802816901409e-4
5-3-1.txt 670,1,5.633802816901409e-4
5-3-1.txt 702,1,5.633802816901409e-4
5-3-1.txt 722,1,5.633802816901409e-4
5-3-1.txt 751,1,5.633802816901409e-4
5-3-1.txt 76,1,5.633802816901409e-4
5-3-1.txt 82,1,5.633802816901409e-4
5-3-1.txt 85,1,5.633802816901409e-4
5-3-1.txt 97,1,5.633802816901409e-4
5-3-2.txt 114,1,5.633802816901409e-4
5-3-2.txt 121,1,5.633802816901409e-4
5-3-2.txt 153,1,5.633802816901409e-4
5-3-2.txt 190,1,5.633802816901409e-4
5-3-2.txt 220,1,5.633802816901409e-4
5-3-2.txt 263,1,5.633802816901409e-4
5-3-2.txt 289,1,5.633802816901409e-4
5-3-2.txt 3,1,5.633802816901409e-4
5-3-2.txt 320,1,5.633802816901409e-4
5-3-2.txt 356,1,5.633802816901409e-4
5-3-2.txt 38,1,5.633802816901409e-4
5-3-2.txt 393,1,5.633802816901409e-4
5-3-2.txt 403,1,5.633802816901409e-4
5-3-2.txt 431,1,5.633802816901409e-4
5-3-2.txt 452,1,5.633802816901409e-4
5-3-2.txt 531,1,5.633802816901409e-4
5-3-2.txt 58,1,5.633802816901409e-4
5-3-2.txt 611,1,5.633802816901409e-4
5-3-2.txt 661,1,5.633802816901409e-4
5-3-2.txt 670,1,5.633802816901409e-4
5-3-2.txt 699,1,5.633802816901409e-4
5-3-2.txt 739,1,5.633802816901409e-4
5-3-2.txt 791,1,5.633802816901409e-4
5-3-2.txt 833,1,5.633802816901409e-4
5-3-2.txt 86,1,5.633802816901409e-4
5-3-2.txt 903,1,5.633802816901409e-4
5-3-2.txt 938,1,5.633802816901409e-4
5-3-3.txt 151,1,5.633802816901409e-4
5-3-3.txt 173,1,5.633802816901409e-4
5-3-3.txt 180,1,5.633802816901409e-4
5-3-3.txt 215,1,5.633802816901409e-4
5-3-3.txt 243,1,5.633802816901409e-4
5-3-3.txt 3,1,5.633802816901409e-4
5-3-3.txt 325,1,5.633802816901409e-4
5-3-3.txt 346,1,5.633802816901409e-4
5-3-3.txt 363,1,5.633802816901409e-4
5-3-3.txt 42,1,5.633802816901409e-4
5-3-3.txt 428,1,5.633802816901409e-4
5-3-3.txt 469,1,5.633802816901409e-4
5-3-3.txt 498,1,5.633802816901409e-4
5-3-3.txt 534,1,5.633802816901409e-4
5-3-3.txt 560,1,5.633802816901409e-4
5-3-3.txt 561,1,5.633802816901409e-4
5-3-3.txt 579,1,5.633802816901409e-4
5-3-3.txt 616,1,5.633802816901409e-4
5-3-3.txt 651,1,5.633802816901409e-4
5-3-3.txt 679,1,5.633802816901409e-4
5-3-3.txt 755,1,5.633802816901409e-4
5-3-3.txt 789,1,5.633802816901409e-4
5-3-3.txt 82,1,5.633802816901409e-4
5-3-4.txt 100,1,5.633802816901409e-4
5-3-4.txt 120,1,5.633802816901409e-4
5-3-4.txt 168,1,5.633802816901409e-4
5-3-4.txt 194,1,5.633802816901409e-4
5-3-4.txt 216,1,5.633802816901409e-4
5-3-4.txt 264,1,5.633802816901409e-4
5-3-4.txt 3,1,5.633802816901409e-4
5-3-4.txt 333,1,5.633802816901409e-4
5-3-4.txt 366,1,5.633802816901409e-4
5-3-4.txt 401,1,5.633802816901409e-4
5-3-4.txt 44,1,5.633802816901409e-4
5-3-4.txt 487,1,5.633802816901409e-4
5-3-4.txt 516,1,5.633802816901409e-4
5-3-4.txt 563,1,5.633802816901409e-4
5-3-4.txt 605,1,5.633802816901409e-4
5-3-4.txt 657,1,5.633802816901409e-4
5-3-4.txt 690,1,5.633802816901409e-4
5-3-4.txt 737,1,5.633802816901409e-4
5-3-4.txt 764,1,5.633802816901409e-4
5-3-4.txt 798,1,5.633802816901409e-4
5-3-4.txt 803,1,5.633802816901409e-4
5-3-4.txt 837,1,5.633802816901409e-4
5-3-4.txt 867,1,5.633802816901409e-4
5-3-4.txt 88,1,5.633802816901409e-4
5-3-4.txt 902,1,5.633802816901409e-4
5-3-4.txt 917,1,5.633802816901409e-4
5-3-4.txt 918,1,5.633802816901409e-4
5-4-1.txt 10,1,5.633802816901409e-4
5-4-1.txt 101,1,5.633802816901409e-4
5-4-1.txt 11,1,5.633802816901409e-4
5-4-1.txt 128,1,5.633802816901409e-4
5-4-1.txt 158,1,5.633802816901409e-4
5-4-1.txt 194,1,5.633802816901409e-4
5-4-1.txt 205,1,5.633802816901409e-4
5-4-1.txt 235,1,5.633802816901409e-4
5-4-1.txt 274,1,5.633802816901409e-4
5-4-1.txt 339,1,5.633802816901409e-4
5-4-1.txt 377,1,5.633802816901409e-4
5-4-1.txt 40,1,5.633802816901409e-4
5-4-1.txt 435,1,5.633802816901409e-4
5-4-1.txt 44,1,5.633802816901409e-4
5-4-1.txt 447,1,5.633802816901409e-4
5-4-1.txt 45,1,5.633802816901409e-4
5-4-1.txt 469,1,5.633802816901409e-4
5-4-1.txt 496,1,5.633802816901409e-4
5-4-1.txt 520,1,5.633802816901409e-4
5-4-1.txt 552,1,5.633802816901409e-4
5-4-1.txt 56,1,5.633802816901409e-4
5-4-1.txt 578,1,5.633802816901409e-4
5-4-1.txt 608,1,5.633802816901409e-4
5-4-1.txt 67,1,5.633802816901409e-4
5-4-1.txt 671,1,5.633802816901409e-4
5-4-1.txt 69,1,5.633802816901409e-4
5-4-1.txt 700,1,5.633802816901409e-4
5-4-1.txt 718,1,5.633802816901409e-4
5-4-1.txt 755,1,5.633802816901409e-4
5-4-1.txt 790,1,5.633802816901409e-4
5-4-2.txt 110,1,5.633802816901409e-4
5-4-2.txt 144,1,5.633802816901409e-4
5-4-2.txt 212,1,5.633802816901409e-4
5-4-2.txt 293,1,5.633802816901409e-4
5-4-2.txt 3,1,5.633802816901409e-4
5-4-2.txt 341,1,5.633802816901409e-4
5-4-2.txt 365,1,5.633802816901409e-4
5-4-2.txt 40,1,5.633802816901409e-4
5-4-2.txt 415,1,5.633802816901409e-4
5-4-2.txt 437,1,5.633802816901409e-4
5-4-2.txt 540,1,5.633802816901409e-4
5-4-2.txt 576,1,5.633802816901409e-4
5-4-2.txt 618,1,5.633802816901409e-4
5-4-2.txt 63,1,5.633802816901409e-4
5-4-2.txt 653,1,5.633802816901409e-4
5-4-2.txt 680,1,5.633802816901409e-4
5-4-2.txt 712,1,5.633802816901409e-4
5-4-2.txt 74,1,5.633802816901409e-4
5-4-2.txt 749,1,5.633802816901409e-4
5-4-2.txt 781,1,5.633802816901409e-4
5-4-2.txt 790,1,5.633802816901409e-4
5-4-2.txt 831,1,5.633802816901409e-4
5-4-2.txt 857,1,5.633802816901409e-4
5-4-2.txt 944,1,5.633802816901409e-4
5-4-2.txt 95,1,5.633802816901409e-4
6-1-1.txt 109,1,5.633802816901409e-4
6-1-1.txt 120,1,5.633802816901409e-4
6-1-1.txt 13,1,5.633802816901409e-4
6-1-1.txt 151,1,5.633802816901409e-4
6-1-1.txt 162,1,5.633802816901409e-4
6-1-1.txt 199,1,5.633802816901409e-4
6-1-1.txt 213,1,5.633802816901409e-4
6-1-1.txt 22,1,5.633802816901409e-4
6-1-1.txt 232,1,5.633802816901409e-4
6-1-1.txt 24,1,5.633802816901409e-4
6-1-1.txt 266,1,5.633802816901409e-4
6-1-1.txt 28,1,5.633802816901409e-4
6-1-1.txt 286,1,5.633802816901409e-4
6-1-1.txt 305,1,5.633802816901409e-4
6-1-1.txt 309,1,5.633802816901409e-4
6-1-1.txt 327,1,5.633802816901409e-4
6-1-1.txt 368,1,5.633802816901409e-4
6-1-1.txt 379,1,5.633802816901409e-4
6-1-1.txt 392,1,5.633802816901409e-4
6-1-1.txt 40,1,5.633802816901409e-4
6-1-1.txt 450,1,5.633802816901409e-4
6-1-1.txt 488,1,5.633802816901409e-4
6-1-1.txt 524,1,5.633802816901409e-4
6-1-1.txt 53,1,5.633802816901409e-4
6-1-1.txt 533,1,5.633802816901409e-4
6-1-1.txt 552,1,5.633802816901409e-4
6-1-1.txt 597,1,5.633802816901409e-4
6-1-1.txt 83,1,5.633802816901409e-4
6-1-2.txt 133,1,5.633802816901409e-4
6-1-2.txt 170,1,5.633802816901409e-4
6-1-2.txt 192,1,5.633802816901409e-4
6-1-2.txt 227,1,5.633802816901409e-4
6-1-2.txt 250,1,5.633802816901409e-4
6-1-2.txt 26,1,5.633802816901409e-4
6-1-2.txt 277,1,5.633802816901409e-4
6-1-2.txt 3,1,5.633802816901409e-4
6-1-2.txt 312,1,5.633802816901409e-4
6-1-2.txt 339,1,5.633802816901409e-4
6-1-2.txt 376,1,5.633802816901409e-4
6-1-2.txt 389,1,5.633802816901409e-4
6-1-2.txt 421,1,5.633802816901409e-4
6-1-2.txt 462,1,5.633802816901409e-4
6-1-2.txt 503,1,5.633802816901409e-4
6-1-2.txt 543,1,5.633802816901409e-4
6-1-2.txt 55,1,5.633802816901409e-4
6-1-2.txt 586,1,5.633802816901409e-4
6-1-2.txt 637,1,5.633802816901409e-4
6-1-2.txt 94,1,5.633802816901409e-4
6-2-1.txt 10,1,5.633802816901409e-4
6-2-1.txt 106,1,5.633802816901409e-4
6-2-1.txt 11,1,5.633802816901409e-4
6-2-1.txt 119,1,5.633802816901409e-4
6-2-1.txt 148,1,5.633802816901409e-4
6-2-1.txt 179,1,5.633802816901409e-4
6-2-1.txt 215,1,5.633802816901409e-4
6-2-1.txt 247,1,5.633802816901409e-4
6-2-1.txt 27,1,5.633802816901409e-4
6-2-1.txt 29,1,5.633802816901409e-4
6-2-1.txt 34,1,5.633802816901409e-4
6-2-1.txt 353,1,5.633802816901409e-4
6-2-1.txt 389,1,5.633802816901409e-4
6-2-1.txt 424,1,5.633802816901409e-4
6-2-1.txt 463,1,5.633802816901409e-4
6-2-1.txt 507,1,5.633802816901409e-4
6-2-1.txt 523,1,5.633802816901409e-4
6-2-1.txt 59,1,5.633802816901409e-4
6-2-1.txt 620,1,5.633802816901409e-4
6-2-1.txt 655,1,5.633802816901409e-4
6-2-1.txt 682,1,5.633802816901409e-4
6-2-1.txt 71,1,5.633802816901409e-4
6-2-1.txt 720,1,5.633802816901409e-4
6-2-1.txt 759,1,5.633802816901409e-4
6-2-1.txt 787,1,5.633802816901409e-4
6-2-1.txt 82,1,5.633802816901409e-4
6-2-1.txt 94,1,5.633802816901409e-4
6-2-2.txt 102,1,5.633802816901409e-4
6-2-2.txt 123,1,5.633802816901409e-4
6-2-2.txt 142,1,5.633802816901409e-4
6-2-2.txt 241,1,5.633802816901409e-4
6-2-2.txt 3,1,5.633802816901409e-4
6-2-2.txt 353,1,5.633802816901409e-4
6-2-2.txt 375,1,5.633802816901409e-4
6-2-2.txt 411,1,5.633802816901409e-4
6-2-2.txt 439,1,5.633802816901409e-4
6-2-2.txt 46,1,5.633802816901409e-4
6-2-2.txt 478,1,5.633802816901409e-4
6-2-2.txt 511,1,5.633802816901409e-4
6-2-2.txt 583,1,5.633802816901409e-4
6-2-2.txt 612,1,5.633802816901409e-4
6-2-2.txt 648,1,5.633802816901409e-4
6-2-2.txt 681,1,5.633802816901409e-4
6-2-2.txt 724,1,5.633802816901409e-4
6-2-2.txt 861,1,5.633802816901409e-4
6-2-2.txt 871,1,5.633802816901409e-4
6-3-1.txt 116,1,5.633802816901409e-4
6-3-1.txt 12,1,5.633802816901409e-4
6-3-1.txt 13,1,5.633802816901409e-4
6-3-1.txt 149,1,5.633802816901409e-4
6-3-1.txt 180,1,5.633802816901409e-4
6-3-1.txt 205,1,5.633802816901409e-4
6-3-1.txt 233,1,5.633802816901409e-4
6-3-1.txt 24,1,5.633802816901409e-4
6-3-1.txt 258,1,5.633802816901409e-4
6-3-1.txt 28,1,5.633802816901409e-4
6-3-1.txt 280,1,5.633802816901409e-4
6-3-1.txt 309,1,5.633802816901409e-4
6-3-1.txt 333,1,5.633802816901409e-4
6-3-1.txt 357,1,5.633802816901409e-4
6-3-1.txt 378,1,5.633802816901409e-4
6-3-1.txt 395,1,5.633802816901409e-4
6-3-1.txt 40,1,5.633802816901409e-4
6-3-1.txt 41,1,5.633802816901409e-4
6-3-1.txt 434,1,5.633802816901409e-4
6-3-1.txt 44,1,5.633802816901409e-4
6-3-1.txt 447,1,5.633802816901409e-4
6-3-1.txt 479,1,5.633802816901409e-4
6-3-1.txt 490,1,5.633802816901409e-4
6-3-1.txt 511,1,5.633802816901409e-4
6-3-1.txt 534,1,5.633802816901409e-4
6-3-1.txt 567,1,5.633802816901409e-4
6-3-1.txt 58,1,5.633802816901409e-4
6-3-1.txt 600,1,5.633802816901409e-4
6-3-1.txt 631,1,5.633802816901409e-4
6-3-1.txt 664,1,5.633802816901409e-4
6-3-1.txt 686,1,5.633802816901409e-4
6-3-1.txt 712,1,5.633802816901409e-4
6-3-1.txt 750,1,5.633802816901409e-4
6-3-1.txt 773,1,5.633802816901409e-4
6-3-1.txt 793,1,5.633802816901409e-4
6-3-1.txt 90,1,5.633802816901409e-4
6-3-2.txt 103,1,5.633802816901409e-4
6-3-2.txt 125,1,5.633802816901409e-4
6-3-2.txt 135,1,5.633802816901409e-4
6-3-2.txt 171,1,5.633802816901409e-4
6-3-2.txt 208,1,5.633802816901409e-4
6-3-2.txt 273,1,5.633802816901409e-4
6-3-2.txt 309,1,5.633802816901409e-4
6-3-2.txt 33,1,5.633802816901409e-4
6-3-2.txt 337,1,5.633802816901409e-4
6-3-2.txt 372,1,5.633802816901409e-4
6-3-2.txt 413,1,5.633802816901409e-4
6-3-2.txt 475,1,5.633802816901409e-4
6-3-2.txt 519,1,5.633802816901409e-4
6-3-2.txt 555,1,5.633802816901409e-4
6-3-2.txt 586,1,5.633802816901409e-4
6-3-2.txt 614,1,5.633802816901409e-4
6-3-2.txt 63,1,5.633802816901409e-4
6-3-2.txt 654,1,5.633802816901409e-4
6-3-2.txt 690,1,5.633802816901409e-4
6-3-2.txt 725,1,5.633802816901409e-4
6-3-2.txt 764,1,5.633802816901409e-4
6-3-2.txt 792,1,5.633802816901409e-4
6-3-2.txt 819,1,5.633802816901409e-4
6-3-2.txt 860,1,5.633802816901409e-4
6-4-1.txt 1023,1,5.633802816901409e-4
6-4-1.txt 105,1,5.633802816901409e-4
6-4-1.txt 1058,1,5.633802816901409e-4
6-4-1.txt 1062,1,5.633802816901409e-4
6-4-1.txt 1102,1,5.633802816901409e-4
6-4-1.txt 1128,1,5.633802816901409e-4
6-4-1.txt 1168,1,5.633802816901409e-4
6-4-1.txt 119,1,5.633802816901409e-4
6-4-1.txt 1201,1,5.633802816901409e-4
6-4-1.txt 1248,1,5.633802816901409e-4
6-4-1.txt 1249,1,5.633802816901409e-4
6-4-1.txt 135,1,5.633802816901409e-4
6-4-1.txt 14,1,5.633802816901409e-4
6-4-1.txt 15,1,5.633802816901409e-4
6-4-1.txt 150,1,5.633802816901409e-4
6-4-1.txt 184,1,5.633802816901409e-4
6-4-1.txt 210,1,5.633802816901409e-4
6-4-1.txt 238,1,5.633802816901409e-4
6-4-1.txt 26,1,5.633802816901409e-4
6-4-1.txt 265,1,5.633802816901409e-4
6-4-1.txt 28,1,5.633802816901409e-4
6-4-1.txt 294,1,5.633802816901409e-4
6-4-1.txt 30,1,5.633802816901409e-4
6-4-1.txt 332,1,5.633802816901409e-4
6-4-1.txt 374,1,5.633802816901409e-4
6-4-1.txt 410,1,5.633802816901409e-4
6-4-1.txt 455,1,5.633802816901409e-4
6-4-1.txt 47,1,5.633802816901409e-4
6-4-1.txt 495,1,5.633802816901409e-4
6-4-1.txt 523,1,5.633802816901409e-4
6-4-1.txt 546,1,5.633802816901409e-4
6-4-1.txt 55,1,5.633802816901409e-4
6-4-1.txt 58,1,5.633802816901409e-4
6-4-1.txt 612,1,5.633802816901409e-4
6-4-1.txt 644,1,5.633802816901409e-4
6-4-1.txt 65,1,5.633802816901409e-4
6-4-1.txt 685,1,5.633802816901409e-4
6-4-1.txt 714,1,5.633802816901409e-4
6-4-1.txt 72,1,5.633802816901409e-4
6-4-1.txt 751,1,5.633802816901409e-4
6-4-1.txt 769,1,5.633802816901409e-4
6-4-1.txt 804,1,5.633802816901409e-4
6-4-1.txt 839,1,5.633802816901409e-4
6-4-1.txt 86,1,5.633802816901409e-4
6-4-1.txt 870,1,5.633802816901409e-4
6-4-1.txt 909,1,5.633802816901409e-4
6-4-1.txt 93,1,5.633802816901409e-4
6-4-1.txt 940,1,5.633802816901409e-4
6-4-1.txt 981,1,5.633802816901409e-4
6-4-2.txt 1027,1,5.633802816901409e-4
6-4-2.txt 1066,1,5.633802816901409e-4
6-4-2.txt 108,1,5.633802816901409e-4
6-4-2.txt 1103,1,5.633802816901409e-4
6-4-2.txt 1149,1,5.633802816901409e-4
6-4-2.txt 1191,1,5.633802816901409e-4
6-4-2.txt 1202,1,5.633802816901409e-4
6-4-2.txt 151,1,5.633802816901409e-4
6-4-2.txt 194,1,5.633802816901409e-4
6-4-2.txt 276,1,5.633802816901409e-4
6-4-2.txt 3,1,5.633802816901409e-4
6-4-2.txt 314,1,5.633802816901409e-4
6-4-2.txt 336,1,5.633802816901409e-4
6-4-2.txt 35,1,5.633802816901409e-4
6-4-2.txt 383,1,5.633802816901409e-4
6-4-2.txt 422,1,5.633802816901409e-4
6-4-2.txt 424,1,5.633802816901409e-4
6-4-2.txt 458,1,5.633802816901409e-4
6-4-2.txt 494,1,5.633802816901409e-4
6-4-2.txt 534,1,5.633802816901409e-4
6-4-2.txt 569,1,5.633802816901409e-4
6-4-2.txt 599,1,5.633802816901409e-4
6-4-2.txt 643,1,5.633802816901409e-4
6-4-2.txt 675,1,5.633802816901409e-4
6-4-2.txt 707,1,5.633802816901409e-4
6-4-2.txt 72,1,5.633802816901409e-4
6-4-2.txt 751,1,5.633802816901409e-4
6-4-2.txt 780,1,5.633802816901409e-4
6-4-2.txt 822,1,5.633802816901409e-4
6-4-2.txt 869,1,5.633802816901409e-4
6-4-2.txt 898,1,5.633802816901409e-4
6-4-2.txt 936,1,5.633802816901409e-4
6-4-2.txt 962,1,5.633802816901409e-4
6-4-2.txt 988,1,5.633802816901409e-4
7-1-1.txt 1005,1,5.633802816901409e-4
7-1-1.txt 114,1,5.633802816901409e-4
7-1-1.txt 232,1,5.633802816901409e-4
7-1-1.txt 285,1,5.633802816901409e-4
7-1-1.txt 31,1,5.633802816901409e-4
7-1-1.txt 311,1,5.633802816901409e-4
7-1-1.txt 365,1,5.633802816901409e-4
7-1-1.txt 411,1,5.633802816901409e-4
7-1-1.txt 457,1,5.633802816901409e-4
7-1-1.txt 488,1,5.633802816901409e-4
7-1-1.txt 516,1,5.633802816901409e-4
7-1-1.txt 542,1,5.633802816901409e-4
7-1-1.txt 611,1,5.633802816901409e-4
7-1-1.txt 643,1,5.633802816901409e-4
7-1-1.txt 684,1,5.633802816901409e-4
7-1-1.txt 714,1,5.633802816901409e-4
7-1-1.txt 75,1,5.633802816901409e-4
7-1-1.txt 837,1,5.633802816901409e-4
7-1-1.txt 876,1,5.633802816901409e-4
7-1-1.txt 89,1,5.633802816901409e-4
7-1-1.txt 891,1,5.633802816901409e-4
7-1-1.txt 935,1,5.633802816901409e-4
7-1-1.txt 974,1,5.633802816901409e-4
7-1-2.txt 1043,1,5.633802816901409e-4
7-1-2.txt 147,1,5.633802816901409e-4
7-1-2.txt 186,1,5.633802816901409e-4
7-1-2.txt 225,1,5.633802816901409e-4
7-1-2.txt 257,1,5.633802816901409e-4
7-1-2.txt 300,1,5.633802816901409e-4
7-1-2.txt 339,1,5.633802816901409e-4
7-1-2.txt 37,1,5.633802816901409e-4
7-1-2.txt 378,1,5.633802816901409e-4
7-1-2.txt 420,1,5.633802816901409e-4
7-1-2.txt 448,1,5.633802816901409e-4
7-1-2.txt 508,1,5.633802816901409e-4
7-1-2.txt 532,1,5.633802816901409e-4
7-1-2.txt 567,1,5.633802816901409e-4
7-1-2.txt 594,1,5.633802816901409e-4
7-1-2.txt 621,1,5.633802816901409e-4
7-1-2.txt 680,1,5.633802816901409e-4
7-1-2.txt 69,1,5.633802816901409e-4
7-1-2.txt 724,1,5.633802816901409e-4
7-1-2.txt 755,1,5.633802816901409e-4
7-1-2.txt 774,1,5.633802816901409e-4
7-1-2.txt 794,1,5.633802816901409e-4
7-1-2.txt 836,1,5.633802816901409e-4
7-1-2.txt 881,1,5.633802816901409e-4
7-1-2.txt 917,1,5.633802816901409e-4
7-1-2.txt 941,1,5.633802816901409e-4
7-1-2.txt 965,1,5.633802816901409e-4
7-1-3.txt 1026,1,5.633802816901409e-4
7-1-3.txt 150,1,5.633802816901409e-4
7-1-3.txt 187,1,5.633802816901409e-4
7-1-3.txt 218,1,5.633802816901409e-4
7-1-3.txt 257,1,5.633802816901409e-4
7-1-3.txt 271,1,5.633802816901409e-4
7-1-3.txt 29,1,5.633802816901409e-4
7-1-3.txt 296,1,5.633802816901409e-4
7-1-3.txt 389,1,5.633802816901409e-4
7-1-3.txt 420,1,5.633802816901409e-4
7-1-3.txt 453,1,5.633802816901409e-4
7-1-3.txt 493,1,5.633802816901409e-4
7-1-3.txt 559,1,5.633802816901409e-4
7-1-3.txt 585,1,5.633802816901409e-4
7-1-3.txt 627,1,5.633802816901409e-4
7-1-3.txt 660,1,5.633802816901409e-4
7-1-3.txt 809,1,5.633802816901409e-4
7-1-3.txt 899,1,5.633802816901409e-4
7-1-3.txt 946,1,5.633802816901409e-4
7-1-3.txt 976,1,5.633802816901409e-4
7-1-3.txt 991,1,5.633802816901409e-4
7-2-1.txt 1014,1,5.633802816901409e-4
7-2-1.txt 1096,1,5.633802816901409e-4
7-2-1.txt 1126,1,5.633802816901409e-4
7-2-1.txt 1145,1,5.633802816901409e-4
7-2-1.txt 12,1,5.633802816901409e-4
7-2-1.txt 14,1,5.633802816901409e-4
7-2-1.txt 168,1,5.633802816901409e-4
7-2-1.txt 207,1,5.633802816901409e-4
7-2-1.txt 238,1,5.633802816901409e-4
7-2-1.txt 386,1,5.633802816901409e-4
7-2-1.txt 482,1,5.633802816901409e-4
7-2-1.txt 555,1,5.633802816901409e-4
7-2-1.txt 588,1,5.633802816901409e-4
7-2-1.txt 67,1,5.633802816901409e-4
7-2-1.txt 693,1,5.633802816901409e-4
7-2-1.txt 829,1,5.633802816901409e-4
7-2-1.txt 868,1,5.633802816901409e-4
7-2-1.txt 905,1,5.633802816901409e-4
7-2-1.txt 984,1,5.633802816901409e-4
7-2-2.txt 1018,1,5.633802816901409e-4
7-2-2.txt 102,1,5.633802816901409e-4
7-2-2.txt 1114,1,5.633802816901409e-4
7-2-2.txt 1143,1,5.633802816901409e-4
7-2-2.txt 1168,1,5.633802816901409e-4
7-2-2.txt 1185,1,5.633802816901409e-4
7-2-2.txt 1187,1,5.633802816901409e-4
7-2-2.txt 139,1,5.633802816901409e-4
7-2-2.txt 211,1,5.633802816901409e-4
7-2-2.txt 234,1,5.633802816901409e-4
7-2-2.txt 280,1,5.633802816901409e-4
7-2-2.txt 298,1,5.633802816901409e-4
7-2-2.txt 348,1,5.633802816901409e-4
7-2-2.txt 378,1,5.633802816901409e-4
7-2-2.txt 440,1,5.633802816901409e-4
7-2-2.txt 471,1,5.633802816901409e-4
7-2-2.txt 487,1,5.633802816901409e-4
7-2-2.txt 520,1,5.633802816901409e-4
7-2-2.txt 561,1,5.633802816901409e-4
7-2-2.txt 6,1,5.633802816901409e-4
7-2-2.txt 62,1,5.633802816901409e-4
7-2-2.txt 643,1,5.633802816901409e-4
7-2-2.txt 662,1,5.633802816901409e-4
7-2-2.txt 688,1,5.633802816901409e-4
7-2-2.txt 729,1,5.633802816901409e-4
7-2-2.txt 769,1,5.633802816901409e-4
7-2-2.txt 804,1,5.633802816901409e-4
7-2-2.txt 843,1,5.633802816901409e-4
7-2-2.txt 889,1,5.633802816901409e-4
7-2-2.txt 928,1,5.633802816901409e-4
7-2-2.txt 981,1,5.633802816901409e-4
7-3-1.txt 1054,1,5.633802816901409e-4
7-3-1.txt 1114,1,5.633802816901409e-4
7-3-1.txt 1152,1,5.633802816901409e-4
7-3-1.txt 118,1,5.633802816901409e-4
7-3-1.txt 12,1,5.633802816901409e-4
7-3-1.txt 1200,1,5.633802816901409e-4
7-3-1.txt 1240,1,5.633802816901409e-4
7-3-1.txt 1296,1,5.633802816901409e-4
7-3-1.txt 1326,1,5.633802816901409e-4
7-3-1.txt 134,1,5.633802816901409e-4
7-3-1.txt 1363,1,5.633802816901409e-4
7-3-1.txt 1405,1,5.633802816901409e-4
7-3-1.txt 1444,1,5.633802816901409e-4
7-3-1.txt 1497,1,5.633802816901409e-4
7-3-1.txt 1559,1,5.633802816901409e-4
7-3-1.txt 1625,1,5.633802816901409e-4
7-3-1.txt 168,1,5.633802816901409e-4
7-3-1.txt 1680,1,5.633802816901409e-4
7-3-1.txt 1692,1,5.633802816901409e-4
7-3-1.txt 1744,1,5.633802816901409e-4
7-3-1.txt 1784,1,5.633802816901409e-4
7-3-1.txt 187,1,5.633802816901409e-4
7-3-1.txt 260,1,5.633802816901409e-4
7-3-1.txt 278,1,5.633802816901409e-4
7-3-1.txt 311,1,5.633802816901409e-4
7-3-1.txt 369,1,5.633802816901409e-4
7-3-1.txt 401,1,5.633802816901409e-4
7-3-1.txt 438,1,5.633802816901409e-4
7-3-1.txt 48,1,5.633802816901409e-4
7-3-1.txt 480,1,5.633802816901409e-4
7-3-1.txt 523,1,5.633802816901409e-4
7-3-1.txt 573,1,5.633802816901409e-4
7-3-1.txt 619,1,5.633802816901409e-4
7-3-1.txt 662,1,5.633802816901409e-4
7-3-1.txt 802,1,5.633802816901409e-4
7-3-1.txt 82,1,5.633802816901409e-4
7-3-1.txt 844,1,5.633802816901409e-4
7-3-1.txt 880,1,5.633802816901409e-4
7-3-1.txt 920,1,5.633802816901409e-4
7-3-1.txt 975,1,5.633802816901409e-4
7-4-1.txt 1026,1,5.633802816901409e-4
7-4-1.txt 1045,1,5.633802816901409e-4
7-4-1.txt 1063,1,5.633802816901409e-4
7-4-1.txt 1072,1,5.633802816901409e-4
7-4-1.txt 1113,1,5.633802816901409e-4
7-4-1.txt 1152,1,5.633802816901409e-4
7-4-1.txt 1178,1,5.633802816901409e-4
7-4-1.txt 12,1,5.633802816901409e-4
7-4-1.txt 1212,1,5.633802816901409e-4
7-4-1.txt 1250,1,5.633802816901409e-4
7-4-1.txt 1290,1,5.633802816901409e-4
7-4-1.txt 1353,1,5.633802816901409e-4
7-4-1.txt 1373,1,5.633802816901409e-4
7-4-1.txt 1399,1,5.633802816901409e-4
7-4-1.txt 1442,1,5.633802816901409e-4
7-4-1.txt 147,1,5.633802816901409e-4
7-4-1.txt 1473,1,5.633802816901409e-4
7-4-1.txt 1509,1,5.633802816901409e-4
7-4-1.txt 1546,1,5.633802816901409e-4
7-4-1.txt 1589,1,5.633802816901409e-4
7-4-1.txt 1627,1,5.633802816901409e-4
7-4-1.txt 190,1,5.633802816901409e-4
7-4-1.txt 228,1,5.633802816901409e-4
7-4-1.txt 264,1,5.633802816901409e-4
7-4-1.txt 305,1,5.633802816901409e-4
7-4-1.txt 348,1,5.633802816901409e-4
7-4-1.txt 427,1,5.633802816901409e-4
7-4-1.txt 46,1,5.633802816901409e-4
7-4-1.txt 480,1,5.633802816901409e-4
7-4-1.txt 522,1,5.633802816901409e-4
7-4-1.txt 564,1,5.633802816901409e-4
7-4-1.txt 616,1,5.633802816901409e-4
7-4-1.txt 671,1,5.633802816901409e-4
7-4-1.txt 705,1,5.633802816901409e-4
7-4-1.txt 71,1,5.633802816901409e-4
7-4-1.txt 742,1,5.633802816901409e-4
7-4-1.txt 8,1,5.633802816901409e-4
7-4-1.txt 825,1,5.633802816901409e-4
7-4-1.txt 863,1,5.633802816901409e-4
7-4-1.txt 900,1,5.633802816901409e-4
7-4-1.txt 942,1,5.633802816901409e-4
7-4-1.txt 97,1,5.633802816901409e-4
7-4-1.txt 986,1,5.633802816901409e-4
7-4-2.txt 1049,1,5.633802816901409e-4
7-4-2.txt 1125,1,5.633802816901409e-4
7-4-2.txt 1152,1,5.633802816901409e-4
7-4-2.txt 1211,1,5.633802816901409e-4
7-4-2.txt 1252,1,5.633802816901409e-4
7-4-2.txt 1309,1,5.633802816901409e-4
7-4-2.txt 132,1,5.633802816901409e-4
7-4-2.txt 1349,1,5.633802816901409e-4
7-4-2.txt 1388,1,5.633802816901409e-4
7-4-2.txt 1442,1,5.633802816901409e-4
7-4-2.txt 1492,1,5.633802816901409e-4
7-4-2.txt 1543,1,5.633802816901409e-4
7-4-2.txt 1571,1,5.633802816901409e-4
7-4-2.txt 1598,1,5.633802816901409e-4
7-4-2.txt 16,1,5.633802816901409e-4
7-4-2.txt 1623,1,5.633802816901409e-4
7-4-2.txt 1626,1,5.633802816901409e-4
7-4-2.txt 1631,1,5.633802816901409e-4
7-4-2.txt 165,1,5.633802816901409e-4
7-4-2.txt 199,1,5.633802816901409e-4
7-4-2.txt 2,1,5.633802816901409e-4
7-4-2.txt 247,1,5.633802816901409e-4
7-4-2.txt 298,1,5.633802816901409e-4
7-4-2.txt 351,1,5.633802816901409e-4
7-4-2.txt 384,1,5.633802816901409e-4
7-4-2.txt 416,1,5.633802816901409e-4
7-4-2.txt 460,1,5.633802816901409e-4
7-4-2.txt 49,1,5.633802816901409e-4
7-4-2.txt 514,1,5.633802816901409e-4
7-4-2.txt 562,1,5.633802816901409e-4
7-4-2.txt 603,1,5.633802816901409e-4
7-4-2.txt 644,1,5.633802816901409e-4
7-4-2.txt 686,1,5.633802816901409e-4
7-4-2.txt 724,1,5.633802816901409e-4
7-4-2.txt 771,1,5.633802816901409e-4
7-4-2.txt 809,1,5.633802816901409e-4
7-4-2.txt 843,1,5.633802816901409e-4
7-4-2.txt 85,1,5.633802816901409e-4
7-4-2.txt 887,1,5.633802816901409e-4
7-4-2.txt 912,1,5.633802816901409e-4
7-4-2.txt 942,1,5.633802816901409e-4
7-4-2.txt 982,1,5.633802816901409e-4
7-5-1.txt 101,1,5.633802816901409e-4
7-5-1.txt 1022,1,5.633802816901409e-4
7-5-1.txt 1076,1,5.633802816901409e-4
7-5-1.txt 1092,1,5.633802816901409e-4
7-5-1.txt 11,1,5.633802816901409e-4
7-5-1.txt 1139,1,5.633802816901409e-4
7-5-1.txt 1186,1,5.633802816901409e-4
7-5-1.txt 121,1,5.633802816901409e-4
7-5-1.txt 13,1,5.633802816901409e-4
7-5-1.txt 144,1,5.633802816901409e-4
7-5-1.txt 161,1,5.633802816901409e-4
7-5-1.txt 182,1,5.633802816901409e-4
7-5-1.txt 223,1,5.633802816901409e-4
7-5-1.txt 249,1,5.633802816901409e-4
7-5-1.txt 268,1,5.633802816901409e-4
7-5-1.txt 296,1,5.633802816901409e-4
7-5-1.txt 358,1,5.633802816901409e-4
7-5-1.txt 430,1,5.633802816901409e-4
7-5-1.txt 469,1,5.633802816901409e-4
7-5-1.txt 49,1,5.633802816901409e-4
7-5-1.txt 510,1,5.633802816901409e-4
7-5-1.txt 549,1,5.633802816901409e-4
7-5-1.txt 598,1,5.633802816901409e-4
7-5-1.txt 644,1,5.633802816901409e-4
7-5-1.txt 736,1,5.633802816901409e-4
7-5-1.txt 784,1,5.633802816901409e-4
7-5-1.txt 802,1,5.633802816901409e-4
7-5-1.txt 82,1,5.633802816901409e-4
7-5-1.txt 855,1,5.633802816901409e-4
7-5-1.txt 919,1,5.633802816901409e-4
7-5-1.txt 951,1,5.633802816901409e-4
7-5-1.txt 990,1,5.633802816901409e-4
7-5-2.txt 1034,1,5.633802816901409e-4
7-5-2.txt 1089,1,5.633802816901409e-4
7-5-2.txt 1153,1,5.633802816901409e-4
7-5-2.txt 1188,1,5.633802816901409e-4
7-5-2.txt 1209,1,5.633802816901409e-4
7-5-2.txt 1230,1,5.633802816901409e-4
7-5-2.txt 1237,1,5.633802816901409e-4
7-5-2.txt 134,1,5.633802816901409e-4
7-5-2.txt 162,1,5.633802816901409e-4
7-5-2.txt 2,1,5.633802816901409e-4
7-5-2.txt 206,1,5.633802816901409e-4
7-5-2.txt 259,1,5.633802816901409e-4
7-5-2.txt 338,1,5.633802816901409e-4
7-5-2.txt 354,1,5.633802816901409e-4
7-5-2.txt 394,1,5.633802816901409e-4
7-5-2.txt 432,1,5.633802816901409e-4
7-5-2.txt 477,1,5.633802816901409e-4
7-5-2.txt 52,1,5.633802816901409e-4
7-5-2.txt 527,1,5.633802816901409e-4
7-5-2.txt 571,1,5.633802816901409e-4
7-5-2.txt 610,1,5.633802816901409e-4
7-5-2.txt 653,1,5.633802816901409e-4
7-5-2.txt 707,1,5.633802816901409e-4
7-5-2.txt 754,1,5.633802816901409e-4
7-5-2.txt 796,1,5.633802816901409e-4
7-5-2.txt 827,1,5.633802816901409e-4
7-5-2.txt 84,1,5.633802816901409e-4
7-5-2.txt 856,1,5.633802816901409e-4
7-5-2.txt 892,1,5.633802816901409e-4
7-5-2.txt 927,1,5.633802816901409e-4
7-5-2.txt 976,1,5.633802816901409e-4
7-6-1.txt 1006,1,5.633802816901409e-4
7-6-1.txt 1056,1,5.633802816901409e-4
7-6-1.txt 1094,1,5.633802816901409e-4
7-6-1.txt 11,1,5.633802816901409e-4
7-6-1.txt 1123,1,5.633802816901409e-4
7-6-1.txt 116,1,5.633802816901409e-4
7-6-1.txt 1175,1,5.633802816901409e-4
7-6-1.txt 1212,1,5.633802816901409e-4
7-6-1.txt 1274,1,5.633802816901409e-4
7-6-1.txt 1328,1,5.633802816901409e-4
7-6-1.txt 1368,1,5.633802816901409e-4
7-6-1.txt 1407,1,5.633802816901409e-4
7-6-1.txt 1455,1,5.633802816901409e-4
7-6-1.txt 15,1,5.633802816901409e-4
7-6-1.txt 1502,1,5.633802816901409e-4
7-6-1.txt 153,1,5.633802816901409e-4
7-6-1.txt 1531,1,5.633802816901409e-4
7-6-1.txt 1564,1,5.633802816901409e-4
7-6-1.txt 1628,1,5.633802816901409e-4
7-6-1.txt 1677,1,5.633802816901409e-4
7-6-1.txt 1743,1,5.633802816901409e-4
7-6-1.txt 226,1,5.633802816901409e-4
7-6-1.txt 23,1,5.633802816901409e-4
7-6-1.txt 270,1,5.633802816901409e-4
7-6-1.txt 330,1,5.633802816901409e-4
7-6-1.txt 367,1,5.633802816901409e-4
7-6-1.txt 38,1,5.633802816901409e-4
7-6-1.txt 415,1,5.633802816901409e-4
7-6-1.txt 43,1,5.633802816901409e-4
7-6-1.txt 449,1,5.633802816901409e-4
7-6-1.txt 487,1,5.633802816901409e-4
7-6-1.txt 520,1,5.633802816901409e-4
7-6-1.txt 552,1,5.633802816901409e-4
7-6-1.txt 599,1,5.633802816901409e-4
7-6-1.txt 634,1,5.633802816901409e-4
7-6-1.txt 681,1,5.633802816901409e-4
7-6-1.txt 731,1,5.633802816901409e-4
7-6-1.txt 763,1,5.633802816901409e-4
7-6-1.txt 80,1,5.633802816901409e-4
7-6-1.txt 815,1,5.633802816901409e-4
7-6-1.txt 846,1,5.633802816901409e-4
7-6-1.txt 895,1,5.633802816901409e-4
7-6-1.txt 9,1,5.633802816901409e-4
7-6-1.txt 938,1,5.633802816901409e-4
7-6-1.txt 954,1,5.633802816901409e-4
7-6-2.txt 1050,1,5.633802816901409e-4
7-6-2.txt 1071,1,5.633802816901409e-4
7-6-2.txt 1111,1,5.633802816901409e-4
7-6-2.txt 1112,1,5.633802816901409e-4
7-6-2.txt 1258,1,5.633802816901409e-4
7-6-2.txt 1259,1,5.633802816901409e-4
7-6-2.txt 1393,1,5.633802816901409e-4
7-6-2.txt 1453,1,5.633802816901409e-4
7-6-2.txt 1500,1,5.633802816901409e-4
7-6-2.txt 1543,1,5.633802816901409e-4
7-6-2.txt 1587,1,5.633802816901409e-4
7-6-2.txt 1625,1,5.633802816901409e-4
7-6-2.txt 1683,1,5.633802816901409e-4
7-6-2.txt 1724,1,5.633802816901409e-4
7-6-2.txt 1758,1,5.633802816901409e-4
7-6-2.txt 1789,1,5.633802816901409e-4
7-6-2.txt 2,1,5.633802816901409e-4
7-6-2.txt 330,1,5.633802816901409e-4
7-6-2.txt 38,1,5.633802816901409e-4
7-6-2.txt 391,1,5.633802816901409e-4
7-6-2.txt 435,1,5.633802816901409e-4
7-6-2.txt 480,1,5.633802816901409e-4
7-6-2.txt 517,1,5.633802816901409e-4
7-6-2.txt 546,1,5.633802816901409e-4
7-6-2.txt 597,1,5.633802816901409e-4
7-6-2.txt 652,1,5.633802816901409e-4
7-6-2.txt 728,1,5.633802816901409e-4
7-6-2.txt 764,1,5.633802816901409e-4
7-6-2.txt 811,1,5.633802816901409e-4
7-6-2.txt 875,1,5.633802816901409e-4
7-6-2.txt 919,1,5.633802816901409e-4
7-6-2.txt 946,1,5.633802816901409e-4
7-6-2.txt 957,1,5.633802816901409e-4
